end,revision,requests
2026-09-26T05:22:51Z,itcs355-serve-v1-2cpu-115928,4569
2026-09-26T05:22:51Z,itcs355-serve-v2-2cpu-121417,266
2026-09-26T05:23:51Z,itcs355-serve-v1-2cpu-115928,4832
2026-09-26T05:23:51Z,itcs355-serve-v2-2cpu-121417,0
2026-09-26T05:24:51Z,itcs355-serve-v1-2cpu-115928,3392
2026-09-26T05:24:51Z,itcs355-serve-v2-2cpu-121417,0
2026-09-26T05:25:51Z,itcs355-serve-v1-2cpu-115928,4815
2026-09-26T05:25:51Z,itcs355-serve-v2-2cpu-121417,0
2026-09-26T05:26:51Z,itcs355-serve-v1-2cpu-115928,4933
2026-09-26T05:26:51Z,itcs355-serve-v2-2cpu-121417,0
2026-09-26T05:27:51Z,itcs355-serve-v1-2cpu-115928,4966
2026-09-26T05:27:51Z,itcs355-serve-v2-2cpu-121417,0
2026-09-26T05:28:51Z,itcs355-serve-v1-2cpu-115928,3412
2026-09-26T05:28:51Z,itcs355-serve-v2-2cpu-121417,1571
2026-09-26T05:29:51Z,itcs355-serve-v1-2cpu-115928,4887
2026-09-26T05:29:51Z,itcs355-serve-v2-2cpu-121417,0
